PRAGMA foreign_keys=OFF;
BEGIN TRANSACTION;
CREATE TABLE Dock_1 (Date DATETIME CHECK(Date IS strftime ('%Y-%m-%d', datetime(Date))), TimeInterval TEXT CHECK(glob('[0-9][0-9]-[0-9][0-9]', TimeInterval)), ShipName TEXT, ShipID INTEGER, PersonID INTEGER, Lastname TEXT, PersonPrice INTEGER, TruckID TEXT, TruckPrice INTEGER);
CREATE TABLE Dock_2 (Date DATETIME CHECK(Date IS strftime ('%Y-%m-%d', datetime(Date))), TimeInterval TEXT CHECK(glob('[0-9][0-9]-[0-9][0-9]', TimeInterval)), ShipName TEXT, ShipID INTEGER, PersonID INTEGER, Lastname TEXT, PersonPrice INTEGER, TruckID TEXT, TruckPrice INTEGER);
CREATE TABLE Dock_3 (Date DATETIME CHECK(Date IS strftime ('%Y-%m-%d', datetime(Date))), TimeInterval TEXT CHECK(glob('[0-9][0-9]-[0-9][0-9]', TimeInterval)), ShipName TEXT, ShipID INTEGER, PersonID INTEGER, Lastname TEXT, PersonPrice INTEGER, TruckID TEXT, TruckPrice INTEGER);
CREATE TABLE TruckStatus(Status TEXT UNIQUE);
INSERT INTO "TruckStatus" VALUES('OK');
INSERT INTO "TruckStatus" VALUES('Reserv');
INSERT INTO "TruckStatus" VALUES('Skada');
INSERT INTO "TruckStatus" VALUES('Reparation');
CREATE TABLE StaffStatus (Status TEXT UNIQUE);
INSERT INTO "StaffStatus" VALUES('100%');
INSERT INTO "StaffStatus" VALUES('50%');
INSERT INTO "StaffStatus" VALUES('Sjuk');
INSERT INTO "StaffStatus" VALUES('VAB');
INSERT INTO "StaffStatus" VALUES('Studier');
INSERT INTO "StaffStatus" VALUES('Semester');
CREATE TABLE StaffSchedule(Schedule TEXT UNIQUE);
INSERT INTO "StaffSchedule" VALUES('MF');
INSERT INTO "StaffSchedule" VALUES('LS');
INSERT INTO "StaffSchedule" VALUES('S');
CREATE TABLE TypeTable(LicenseType TEXT UNIQUE, PersonPrice INTEGER, TruckType TEXT UNIQUE, TruckPrice INTEGER, VolumeType TEXT UNIQUE);
INSERT INTO "TypeTable" VALUES('A',500,'A001',1000,'A005');
INSERT INTO "TypeTable" VALUES('AA',700,'AA01',1500,'AA07');
INSERT INTO "TypeTable" VALUES('B',900,'B001',2000,'B005');
INSERT INTO "TypeTable" VALUES('BB',1000,'BB01',2500,'BB07');
INSERT INTO "TypeTable" VALUES('C',1250,'C001',3000,'C005');
INSERT INTO "TypeTable" VALUES('CC',1500,'CC01',3500,'CC07');
INSERT INTO "TypeTable" VALUES('CCC',3000,'CCC1',4000,'CCC5');
INSERT INTO "TypeTable" VALUES('K',3500,'K001',4500,'K007');
CREATE TABLE Dock(ID INTEGER, Name TEXT NOT NULL, VolumeType TEXT, FOREIGN KEY(VolumeType) REFERENCES TypeTable(VolumeType));
INSERT INTO "Dock" VALUES(1,'Kaj 101','A005');
INSERT INTO "Dock" VALUES(1,'Kaj 101','AA07');
INSERT INTO "Dock" VALUES(2,'Kaj 201','B005');
INSERT INTO "Dock" VALUES(2,'Kaj 201','BB07');
INSERT INTO "Dock" VALUES(2,'Kaj 201','C005');
INSERT INTO "Dock" VALUES(3,'Kaj 301','CC07');
INSERT INTO "Dock" VALUES(3,'Kaj 301','CCC5');
INSERT INTO "Dock" VALUES(3,'Kaj 301','K007');
CREATE TABLE Ships(ID INTEGER PRIMARY KEY, Name TEXT NOT NULL, Company TEXT NOT NULL, VolumeType TEXT, FOREIGN KEY(VolumeType) REFERENCES TypeTable(VolumeType));
INSERT INTO "Ships" VALUES(1,'Talane','Minyx','A005');
INSERT INTO "Ships" VALUES(2,'Zoomcast','Vidoo','AA07');
INSERT INTO "Ships" VALUES(3,'Buzzster','DabZ','B005');
INSERT INTO "Ships" VALUES(4,'Kimia','Zoombox','BB07');
INSERT INTO "Ships" VALUES(5,'Tagtune','Chatterbridge','C005');
INSERT INTO "Ships" VALUES(6,'Thoughtstorm','Topicstorm','CC07');
INSERT INTO "Ships" VALUES(7,'Dazzlesphere','Photobug','CCC5');
INSERT INTO "Ships" VALUES(8,'Jetpulse','Cogibox','K007');
INSERT INTO "Ships" VALUES(9,'Tazz','Eayo','A005');
INSERT INTO "Ships" VALUES(10,'Topicware','Kaymbo','AA07');
INSERT INTO "Ships" VALUES(11,'Quimba','Youspan','B005');
INSERT INTO "Ships" VALUES(12,'Jaxspan','Skipfire','BB07');
INSERT INTO "Ships" VALUES(13,'Yodel','Kamba','C005');
INSERT INTO "Ships" VALUES(14,'Skinte','Twitterbridge','CC07');
INSERT INTO "Ships" VALUES(15,'Trunyx','Topdrive','CCC5');
INSERT INTO "Ships" VALUES(16,'Skimia','Nlounge','K007');
INSERT INTO "Ships" VALUES(17,'Mynte','Wordware','A005');
INSERT INTO "Ships" VALUES(18,'Yozio','Innotype','AA07');
INSERT INTO "Ships" VALUES(19,'Skidoo','Edgewire','B005');
INSERT INTO "Ships" VALUES(20,'Abatz','Thoughtbeat','BB07');
INSERT INTO "Ships" VALUES(21,'Fivespan','Flashspan','C005');
INSERT INTO "Ships" VALUES(22,'Wordpedia','Divape','CC07');
INSERT INTO "Ships" VALUES(23,'Jazzy','Yambee','CCC5');
INSERT INTO "Ships" VALUES(24,'Avaveo','Gigazoom','K007');
INSERT INTO "Ships" VALUES(25,'Mydo','Blognation','A005');
INSERT INTO "Ships" VALUES(26,'Kaymbo','Ozu','AA07');
INSERT INTO "Ships" VALUES(27,'Viva','Babbleset','B005');
INSERT INTO "Ships" VALUES(28,'Zoomlounge','Muxo','BB07');
INSERT INTO "Ships" VALUES(29,'Latz','Oodoo','C005');
INSERT INTO "Ships" VALUES(30,'Dabfeed','Quatz','CC07');
INSERT INTO "Ships" VALUES(31,'Skaboo','Wikizz','CCC5');
INSERT INTO "Ships" VALUES(32,'Chatterbridge','Jayo','K007');
INSERT INTO "Ships" VALUES(33,'Vimbo','Devcast','A005');
INSERT INTO "Ships" VALUES(34,'Quaxo','Flashdog','AA07');
INSERT INTO "Ships" VALUES(35,'Bubbletube','Shuffledrive','B005');
INSERT INTO "Ships" VALUES(36,'Jabbersphere','Flashspan','BB07');
INSERT INTO "Ships" VALUES(37,'Zazio','Twitterlist','C005');
INSERT INTO "Ships" VALUES(38,'Wikizz','Realcube','CC07');
INSERT INTO "Ships" VALUES(39,'Topiczoom','Skalith','CCC5');
INSERT INTO "Ships" VALUES(40,'Realblab','Tagchat','K007');
INSERT INTO "Ships" VALUES(41,'JumpXS','Youbridge','A005');
INSERT INTO "Ships" VALUES(42,'Edgeclub','Wikibox','AA07');
INSERT INTO "Ships" VALUES(43,'Katz','Yakijo','B005');
INSERT INTO "Ships" VALUES(44,'Lazz','Yodoo','BB07');
INSERT INTO "Ships" VALUES(45,'Zooxo','LiveZ','C005');
INSERT INTO "Ships" VALUES(46,'Yodoo','Feednation','CC07');
INSERT INTO "Ships" VALUES(47,'Eayo','Reallinks','CCC5');
INSERT INTO "Ships" VALUES(48,'Topiclounge','Babblestorm','K007');
INSERT INTO "Ships" VALUES(49,'Skimia','Linktype','A005');
INSERT INTO "Ships" VALUES(50,'Trilith','Brainlounge','AA07');
INSERT INTO "Ships" VALUES(51,'Demivee','Devbug','B005');
INSERT INTO "Ships" VALUES(52,'Devpoint','Dablist','BB07');
INSERT INTO "Ships" VALUES(53,'Eidel','Pixonyx','C005');
INSERT INTO "Ships" VALUES(54,'Browsezoom','Tagopia','CC07');
INSERT INTO "Ships" VALUES(55,'Twitternation','Skipfire','CCC5');
INSERT INTO "Ships" VALUES(56,'Jabbercube','Kimia','K007');
INSERT INTO "Ships" VALUES(57,'Rhynyx','Voolith','A005');
INSERT INTO "Ships" VALUES(58,'Feednation','Mydeo','AA07');
INSERT INTO "Ships" VALUES(59,'Fiveclub','Vinte','B005');
INSERT INTO "Ships" VALUES(60,'Photospace','Leenti','BB07');
INSERT INTO "Ships" VALUES(61,'Wordpedia','Rhynoodle','C005');
INSERT INTO "Ships" VALUES(62,'Devbug','Minyx','CC07');
INSERT INTO "Ships" VALUES(63,'Miboo','Podcat','CCC5');
INSERT INTO "Ships" VALUES(64,'Thoughtsphere','Buzzbean','K007');
INSERT INTO "Ships" VALUES(65,'Shuffledrive','Skipfire','A005');
INSERT INTO "Ships" VALUES(66,'Quinu','Tagfeed','AA07');
INSERT INTO "Ships" VALUES(67,'Kimia','Zooxo','B005');
INSERT INTO "Ships" VALUES(68,'Geba','Tazz','BB07');
INSERT INTO "Ships" VALUES(69,'Meedoo','Skilith','C005');
INSERT INTO "Ships" VALUES(70,'Flashdog','Wikivu','CC07');
INSERT INTO "Ships" VALUES(71,'Eimbee','Yadel','CCC5');
INSERT INTO "Ships" VALUES(72,'Eayo','Trupe','K007');
INSERT INTO "Ships" VALUES(73,'Yadel','Pixonyx','A005');
INSERT INTO "Ships" VALUES(74,'Skinte','Devify','AA07');
INSERT INTO "Ships" VALUES(75,'Eimbee','Quatz','B005');
INSERT INTO "Ships" VALUES(76,'Fadeo','Yodo','BB07');
INSERT INTO "Ships" VALUES(77,'Jabberbean','Skilith','C005');
INSERT INTO "Ships" VALUES(78,'Izio','Einti','CC07');
INSERT INTO "Ships" VALUES(79,'Topicware','Dabjam','CCC5');
INSERT INTO "Ships" VALUES(80,'InnoZ','Tagpad','K007');
INSERT INTO "Ships" VALUES(81,'Centizu','Tagopia','A005');
INSERT INTO "Ships" VALUES(82,'Zazio','Photolist','AA07');
INSERT INTO "Ships" VALUES(83,'Zooveo','Realmix','B005');
INSERT INTO "Ships" VALUES(84,'Livefish','Oodoo','BB07');
INSERT INTO "Ships" VALUES(85,'Feedbug','Quaxo','C005');
INSERT INTO "Ships" VALUES(86,'Thoughtbeat','Skyba','CC07');
INSERT INTO "Ships" VALUES(87,'Skipstorm','Einti','CCC5');
INSERT INTO "Ships" VALUES(88,'Jayo','Tagtune','K007');
INSERT INTO "Ships" VALUES(89,'Kaymbo','Eadel','A005');
INSERT INTO "Ships" VALUES(90,'Npath','Avaveo','AA07');
INSERT INTO "Ships" VALUES(91,'Realpoint','Jaxspan','B005');
INSERT INTO "Ships" VALUES(92,'Kazu','Digitube','BB07');
INSERT INTO "Ships" VALUES(93,'Dynazzy','Gigazoom','C005');
INSERT INTO "Ships" VALUES(94,'Yozio','Camimbo','CC07');
INSERT INTO "Ships" VALUES(95,'Twitterworks','Browsecat','CCC5');
INSERT INTO "Ships" VALUES(96,'Oyoyo','Yodoo','K007');
INSERT INTO "Ships" VALUES(97,'Camido','Centimia','A005');
INSERT INTO "Ships" VALUES(98,'Dynava','Youspan','AA07');
INSERT INTO "Ships" VALUES(99,'Ailane','Realcube','B005');
INSERT INTO "Ships" VALUES(100,'Tagopia','Tavu','BB07');
INSERT INTO "Ships" VALUES(101,'Mycat','Tekfly','C005');
INSERT INTO "Ships" VALUES(102,'Zooxo','Trudeo','CC07');
INSERT INTO "Ships" VALUES(103,'Zazio','Zooveo','CCC5');
INSERT INTO "Ships" VALUES(104,'Edgeify','Skyba','K007');
INSERT INTO "Ships" VALUES(105,'Youopia','Gabspot','A005');
INSERT INTO "Ships" VALUES(106,'InnoZ','Skaboo','AA07');
INSERT INTO "Ships" VALUES(107,'Skajo','Feednation','B005');
INSERT INTO "Ships" VALUES(108,'Zoomdog','Zoozzy','BB07');
INSERT INTO "Ships" VALUES(109,'Kamba','Vipe','C005');
INSERT INTO "Ships" VALUES(110,'Brainlounge','Trudoo','CC07');
INSERT INTO "Ships" VALUES(111,'Realcube','Zoovu','CCC5');
INSERT INTO "Ships" VALUES(112,'Skinte','Yakijo','K007');
INSERT INTO "Ships" VALUES(113,'Zoombox','Centimia','A005');
INSERT INTO "Ships" VALUES(114,'Trilith','Livefish','AA07');
INSERT INTO "Ships" VALUES(115,'Twimbo','Eabox','B005');
INSERT INTO "Ships" VALUES(116,'Voonte','Ainyx','BB07');
INSERT INTO "Ships" VALUES(117,'LiveZ','Kimia','C005');
INSERT INTO "Ships" VALUES(118,'Mynte','Skippad','CC07');
INSERT INTO "Ships" VALUES(119,'Voolith','Thoughtstorm','CCC5');
INSERT INTO "Ships" VALUES(120,'Jaxworks','BlogXS','K007');
INSERT INTO "Ships" VALUES(121,'Pixonyx','Fatz','A005');
INSERT INTO "Ships" VALUES(122,'Topicshots','Wordtune','AA07');
INSERT INTO "Ships" VALUES(123,'Brightdog','Tavu','B005');
INSERT INTO "Ships" VALUES(124,'Photobug','Edgewire','BB07');
INSERT INTO "Ships" VALUES(125,'Jamia','Twitternation','C005');
INSERT INTO "Ships" VALUES(126,'Jabbersphere','Leenti','CC07');
INSERT INTO "Ships" VALUES(127,'Kimia','Kwideo','CCC5');
INSERT INTO "Ships" VALUES(128,'Tazz','Jabberstorm','K007');
INSERT INTO "Ships" VALUES(129,'Meejo','Camimbo','A005');
INSERT INTO "Ships" VALUES(130,'Roodel','Skilith','AA07');
INSERT INTO "Ships" VALUES(131,'Skipstorm','Yakitri','B005');
INSERT INTO "Ships" VALUES(132,'Lazzy','Brainverse','BB07');
INSERT INTO "Ships" VALUES(133,'Twitterlist','Voomm','C005');
INSERT INTO "Ships" VALUES(134,'Buzzbean','Fiveclub','CC07');
INSERT INTO "Ships" VALUES(135,'Vimbo','Skynoodle','CCC5');
INSERT INTO "Ships" VALUES(136,'Flipbug','Wordify','K007');
INSERT INTO "Ships" VALUES(137,'Zoomcast','Brainverse','A005');
INSERT INTO "Ships" VALUES(138,'Edgeblab','Tanoodle','AA07');
INSERT INTO "Ships" VALUES(139,'Quimba','Zoomdog','B005');
INSERT INTO "Ships" VALUES(140,'Thoughtstorm','Aimbo','BB07');
INSERT INTO "Ships" VALUES(141,'Digitube','Einti','C005');
INSERT INTO "Ships" VALUES(142,'Eidel','Skivee','CC07');
INSERT INTO "Ships" VALUES(143,'Chatterbridge','Brainbox','CCC5');
INSERT INTO "Ships" VALUES(144,'Rooxo','Kazu','K007');
INSERT INTO "Ships" VALUES(145,'Rhynoodle','Trilith','A005');
INSERT INTO "Ships" VALUES(146,'Babbleopia','Mybuzz','AA07');
INSERT INTO "Ships" VALUES(147,'Jetwire','Skinder','B005');
INSERT INTO "Ships" VALUES(148,'Ntags','Voolith','BB07');
INSERT INTO "Ships" VALUES(149,'Browsedrive','Mycat','C005');
INSERT INTO "Ships" VALUES(150,'Voonte','Kwideo','CC07');
INSERT INTO "Ships" VALUES(151,'Trilia','Babblestorm','CCC5');
INSERT INTO "Ships" VALUES(152,'Flashspan','Thoughtblab','K007');
INSERT INTO "Ships" VALUES(153,'Tagpad','Meemm','A005');
INSERT INTO "Ships" VALUES(154,'Layo','Flashset','AA07');
INSERT INTO "Ships" VALUES(155,'Voomm','Skilith','B005');
INSERT INTO "Ships" VALUES(156,'Yodoo','Agivu','BB07');
INSERT INTO "Ships" VALUES(157,'Photobug','Topiczoom','C005');
INSERT INTO "Ships" VALUES(158,'Chatterbridge','Ntags','CC07');
INSERT INTO "Ships" VALUES(159,'Flipbug','Twitterworks','CCC5');
INSERT INTO "Ships" VALUES(160,'Thoughtstorm','Pixope','K007');
INSERT INTO "Ships" VALUES(161,'Jabbertype','Rhynoodle','A005');
INSERT INTO "Ships" VALUES(162,'Avavee','Roomm','AA07');
INSERT INTO "Ships" VALUES(163,'Eidel','Devpoint','B005');
INSERT INTO "Ships" VALUES(164,'Cogibox','Realbridge','BB07');
INSERT INTO "Ships" VALUES(165,'Teklist','Fivespan','C005');
INSERT INTO "Ships" VALUES(166,'Feednation','Devshare','CC07');
INSERT INTO "Ships" VALUES(167,'Reallinks','Kazio','CCC5');
INSERT INTO "Ships" VALUES(168,'Yata','Miboo','K007');
INSERT INTO "Ships" VALUES(169,'Youopia','Teklist','A005');
INSERT INTO "Ships" VALUES(170,'Rhynoodle','Brainlounge','AA07');
INSERT INTO "Ships" VALUES(171,'Shufflester','Meezzy','B005');
INSERT INTO "Ships" VALUES(172,'Demizz','Flipopia','BB07');
INSERT INTO "Ships" VALUES(173,'Aimbo','Wordware','C005');
INSERT INTO "Ships" VALUES(174,'Zoomcast','Thoughtstorm','CC07');
INSERT INTO "Ships" VALUES(175,'Skimia','Agivu','CCC5');
INSERT INTO "Ships" VALUES(176,'Meemm','Pixonyx','K007');
INSERT INTO "Ships" VALUES(177,'Dynabox','Quaxo','A005');
INSERT INTO "Ships" VALUES(178,'Skyvu','Plajo','AA07');
INSERT INTO "Ships" VALUES(179,'Realbridge','Pixope','B005');
INSERT INTO "Ships" VALUES(180,'Eadel','Yodo','BB07');
INSERT INTO "Ships" VALUES(181,'Blogspan','Zoovu','C005');
INSERT INTO "Ships" VALUES(182,'Voonder','Quire','CC07');
INSERT INTO "Ships" VALUES(183,'Skaboo','Skiba','CCC5');
INSERT INTO "Ships" VALUES(184,'Browseblab','Skalith','K007');
INSERT INTO "Ships" VALUES(185,'Layo','Chatterbridge','A005');
INSERT INTO "Ships" VALUES(186,'Digitube','Mydo','AA07');
INSERT INTO "Ships" VALUES(187,'Yakitri','Gigaclub','B005');
INSERT INTO "Ships" VALUES(188,'Topdrive','Yodoo','BB07');
INSERT INTO "Ships" VALUES(189,'Dynabox','Yombu','C005');
INSERT INTO "Ships" VALUES(190,'Brainlounge','Rhyloo','CC07');
INSERT INTO "Ships" VALUES(191,'Avaveo','Skibox','CCC5');
INSERT INTO "Ships" VALUES(192,'Oba','Gigashots','K007');
INSERT INTO "Ships" VALUES(193,'Buzzster','Meevee','A005');
INSERT INTO "Ships" VALUES(194,'Feedmix','Quatz','AA07');
INSERT INTO "Ships" VALUES(195,'Flashpoint','Skaboo','B005');
INSERT INTO "Ships" VALUES(196,'Yotz','Rhynoodle','BB07');
INSERT INTO "Ships" VALUES(197,'Gigabox','Youtags','C005');
INSERT INTO "Ships" VALUES(198,'Kimia','Mynte','CC07');
INSERT INTO "Ships" VALUES(199,'Fanoodle','Dabfeed','CCC5');
INSERT INTO "Ships" VALUES(200,'Zoovu','Yodoo','K007');
INSERT INTO "Ships" VALUES(201,'Meedoo','Zoonder','A005');
INSERT INTO "Ships" VALUES(202,'Riffwire','Fadeo','AA07');
INSERT INTO "Ships" VALUES(203,'Gabcube','Oozz','B005');
INSERT INTO "Ships" VALUES(204,'Chatterpoint','Buzzster','BB07');
INSERT INTO "Ships" VALUES(205,'Twitterbeat','Realblab','C005');
INSERT INTO "Ships" VALUES(206,'Devshare','Ntag','CC07');
INSERT INTO "Ships" VALUES(207,'Wikido','Flipopia','CCC5');
INSERT INTO "Ships" VALUES(208,'Zooxo','Skippad','K007');
INSERT INTO "Ships" VALUES(209,'Zava','Zoombox','A005');
INSERT INTO "Ships" VALUES(210,'Gigabox','Twimbo','AA07');
INSERT INTO "Ships" VALUES(211,'Jabbertype','Gigashots','B005');
INSERT INTO "Ships" VALUES(212,'Twitternation','Lazz','BB07');
INSERT INTO "Ships" VALUES(213,'Meevee','Photobug','C005');
INSERT INTO "Ships" VALUES(214,'Brightdog','Gabtype','CC07');
INSERT INTO "Ships" VALUES(215,'Digitube','Quimm','CCC5');
INSERT INTO "Ships" VALUES(216,'Realmix','Youopia','K007');
INSERT INTO "Ships" VALUES(217,'Browseblab','Skyble','A005');
INSERT INTO "Ships" VALUES(218,'Dynazzy','Agimba','AA07');
INSERT INTO "Ships" VALUES(219,'Twitterbridge','Livepath','B005');
INSERT INTO "Ships" VALUES(220,'Jaxworks','Gigazoom','BB07');
INSERT INTO "Ships" VALUES(221,'Browsecat','Vipe','C005');
INSERT INTO "Ships" VALUES(222,'Thoughtbridge','Yabox','CC07');
INSERT INTO "Ships" VALUES(223,'Skippad','Zoomzone','CCC5');
INSERT INTO "Ships" VALUES(224,'Snaptags','Oozz','K007');
INSERT INTO "Ships" VALUES(225,'Yodel','Flashset','A005');
INSERT INTO "Ships" VALUES(226,'Flashpoint','Eabox','AA07');
INSERT INTO "Ships" VALUES(227,'Flipstorm','Leexo','B005');
INSERT INTO "Ships" VALUES(228,'Ooba','Oodoo','BB07');
INSERT INTO "Ships" VALUES(229,'Twinder','Leenti','C005');
INSERT INTO "Ships" VALUES(230,'Kimia','Skilith','CC07');
INSERT INTO "Ships" VALUES(231,'Eimbee','Twitterwire','CCC5');
INSERT INTO "Ships" VALUES(232,'Zoomdog','Jabbertype','K007');
INSERT INTO "Ships" VALUES(233,'Mycat','Gabtune','A005');
INSERT INTO "Ships" VALUES(234,'Zoovu','Minyx','AA07');
INSERT INTO "Ships" VALUES(235,'Zoozzy','LiveZ','B005');
INSERT INTO "Ships" VALUES(236,'Centidel','Bluezoom','BB07');
INSERT INTO "Ships" VALUES(237,'Yamia','Flashpoint','C005');
INSERT INTO "Ships" VALUES(238,'Podcat','Flipstorm','CC07');
INSERT INTO "Ships" VALUES(239,'Agimba','Oyondu','CCC5');
INSERT INTO "Ships" VALUES(240,'Shuffletag','Youtags','K007');
INSERT INTO "Ships" VALUES(241,'Einti','Dabshots','A005');
INSERT INTO "Ships" VALUES(242,'Oyoba','Dynazzy','AA07');
INSERT INTO "Ships" VALUES(243,'Oozz','Tazz','B005');
INSERT INTO "Ships" VALUES(244,'Bubblebox','Youspan','BB07');
INSERT INTO "Ships" VALUES(245,'Divavu','Wordpedia','C005');
INSERT INTO "Ships" VALUES(246,'Vimbo','Youfeed','CC07');
INSERT INTO "Ships" VALUES(247,'Avamba','Tagpad','CCC5');
INSERT INTO "Ships" VALUES(248,'Agivu','Skyvu','K007');
INSERT INTO "Ships" VALUES(249,'Kwideo','Miboo','A005');
INSERT INTO "Ships" VALUES(250,'Muxo','Kanoodle','AA07');
INSERT INTO "Ships" VALUES(251,'Snaptags','Edgepulse','B005');
INSERT INTO "Ships" VALUES(252,'Cogilith','Zooxo','BB07');
INSERT INTO "Ships" VALUES(253,'Oodoo','Mybuzz','C005');
INSERT INTO "Ships" VALUES(254,'Brightdog','Rhybox','CC07');
INSERT INTO "Ships" VALUES(255,'Photobean','Aibox','CCC5');
INSERT INTO "Ships" VALUES(256,'Browsetype','Quamba','K007');
INSERT INTO "Ships" VALUES(257,'Mydo','Flipopia','A005');
INSERT INTO "Ships" VALUES(258,'Vinte','Avavee','AA07');
INSERT INTO "Ships" VALUES(259,'Flashspan','Gigashots','B005');
INSERT INTO "Ships" VALUES(260,'Twinte','Flashdog','BB07');
INSERT INTO "Ships" VALUES(261,'Ntag','Oloo','C005');
INSERT INTO "Ships" VALUES(262,'Trilith','InnoZ','CC07');
INSERT INTO "Ships" VALUES(263,'Buzzbean','Feedfire','CCC5');
INSERT INTO "Ships" VALUES(264,'Snaptags','Quatz','K007');
INSERT INTO "Ships" VALUES(265,'Meevee','Jayo','A005');
INSERT INTO "Ships" VALUES(266,'Yotz','Gevee','AA07');
INSERT INTO "Ships" VALUES(267,'Kanoodle','Zoomcast','B005');
INSERT INTO "Ships" VALUES(268,'Divanoodle','Zoomzone','BB07');
INSERT INTO "Ships" VALUES(269,'Abatz','Feedfire','C005');
INSERT INTO "Ships" VALUES(270,'Topiczoom','Jabberstorm','CC07');
INSERT INTO "Ships" VALUES(271,'Kare','Linkbridge','CCC5');
INSERT INTO "Ships" VALUES(272,'Quimm','Katz','K007');
INSERT INTO "Ships" VALUES(273,'Npath','Browsedrive','A005');
INSERT INTO "Ships" VALUES(274,'Bluejam','Blognation','AA07');
INSERT INTO "Ships" VALUES(275,'Jayo','Browsetype','B005');
INSERT INTO "Ships" VALUES(276,'Realfire','Fadeo','BB07');
INSERT INTO "Ships" VALUES(277,'Buzzbean','Skimia','C005');
INSERT INTO "Ships" VALUES(278,'Youbridge','Voolia','CC07');
INSERT INTO "Ships" VALUES(279,'Feedfish','Ozu','CCC5');
INSERT INTO "Ships" VALUES(280,'Jaxworks','Blogspan','K007');
INSERT INTO "Ships" VALUES(281,'Jabbersphere','Tazz','A005');
INSERT INTO "Ships" VALUES(282,'Riffpedia','Jaxspan','AA07');
INSERT INTO "Ships" VALUES(283,'Eimbee','Dabvine','B005');
INSERT INTO "Ships" VALUES(284,'Kanoodle','Katz','BB07');
INSERT INTO "Ships" VALUES(285,'Ntags','Voonder','C005');
INSERT INTO "Ships" VALUES(286,'Dabjam','Nlounge','CC07');
INSERT INTO "Ships" VALUES(287,'Vitz','Babbleset','CCC5');
INSERT INTO "Ships" VALUES(288,'Latz','Jetwire','K007');
INSERT INTO "Ships" VALUES(289,'Twitternation','Cogibox','A005');
INSERT INTO "Ships" VALUES(290,'Oyondu','Podcat','AA07');
INSERT INTO "Ships" VALUES(291,'Yodel','Kare','B005');
INSERT INTO "Ships" VALUES(292,'Plambee','Yozio','BB07');
INSERT INTO "Ships" VALUES(293,'Camido','Yakijo','C005');
INSERT INTO "Ships" VALUES(294,'Cogibox','Kimia','CC07');
INSERT INTO "Ships" VALUES(295,'Innojam','Topdrive','CCC5');
INSERT INTO "Ships" VALUES(296,'Innotype','Browsebug','K007');
INSERT INTO "Ships" VALUES(297,'Rhyzio','Agimba','A005');
INSERT INTO "Ships" VALUES(298,'Livefish','Jayo','AA07');
INSERT INTO "Ships" VALUES(299,'Flashset','Twitterbridge','B005');
INSERT INTO "Ships" VALUES(300,'Voonte','Meeveo','BB07');
INSERT INTO "Ships" VALUES(301,'Bazongale','Jaharada','C005');
INSERT INTO "Ships" VALUES(302,'Tratomanox','Beezopi','CC07');
INSERT INTO "Ships" VALUES(303,'Elpis','Karamnio','CCC5');
INSERT INTO "Ships" VALUES(304,'Agorafix','Flegox','K007');
CREATE TABLE Trucks(ID INTEGER PRIMARY KEY, Type TEXT, Status TEXT, FOREIGN KEY(Type) REFERENCES TypeTable(TruckType), FOREIGN KEY(Status) REFERENCES TruckStatus(Status));
INSERT INTO "Trucks" VALUES(1,'A001','OK');
INSERT INTO "Trucks" VALUES(2,'AA01','OK');
INSERT INTO "Trucks" VALUES(3,'B001','OK');
INSERT INTO "Trucks" VALUES(4,'BB01','OK');
INSERT INTO "Trucks" VALUES(5,'C001','OK');
INSERT INTO "Trucks" VALUES(6,'CC01','OK');
INSERT INTO "Trucks" VALUES(7,'CCC1','OK');
INSERT INTO "Trucks" VALUES(8,'K001','OK');
INSERT INTO "Trucks" VALUES(9,'A001','OK');
INSERT INTO "Trucks" VALUES(10,'AA01','OK');
INSERT INTO "Trucks" VALUES(11,'B001','OK');
INSERT INTO "Trucks" VALUES(12,'BB01','OK');
INSERT INTO "Trucks" VALUES(13,'C001','OK');
INSERT INTO "Trucks" VALUES(14,'CC01','OK');
INSERT INTO "Trucks" VALUES(15,'CCC1','OK');
INSERT INTO "Trucks" VALUES(16,'K001','OK');
INSERT INTO "Trucks" VALUES(17,'A001','OK');
INSERT INTO "Trucks" VALUES(18,'AA01','OK');
INSERT INTO "Trucks" VALUES(19,'B001','OK');
INSERT INTO "Trucks" VALUES(20,'BB01','OK');
INSERT INTO "Trucks" VALUES(21,'C001','OK');
INSERT INTO "Trucks" VALUES(22,'CC01','OK');
INSERT INTO "Trucks" VALUES(23,'CCC1','OK');
INSERT INTO "Trucks" VALUES(24,'K001','OK');
INSERT INTO "Trucks" VALUES(25,'A001','OK');
INSERT INTO "Trucks" VALUES(26,'AA01','OK');
INSERT INTO "Trucks" VALUES(27,'B001','OK');
INSERT INTO "Trucks" VALUES(28,'BB01','OK');
INSERT INTO "Trucks" VALUES(29,'C001','OK');
INSERT INTO "Trucks" VALUES(30,'CC01','OK');
INSERT INTO "Trucks" VALUES(31,'CCC1','OK');
INSERT INTO "Trucks" VALUES(32,'K001','OK');
INSERT INTO "Trucks" VALUES(33,'A001','OK');
INSERT INTO "Trucks" VALUES(34,'AA01','OK');
INSERT INTO "Trucks" VALUES(35,'B001','OK');
INSERT INTO "Trucks" VALUES(36,'BB01','OK');
INSERT INTO "Trucks" VALUES(37,'C001','OK');
INSERT INTO "Trucks" VALUES(38,'CC01','OK');
INSERT INTO "Trucks" VALUES(39,'CCC1','OK');
INSERT INTO "Trucks" VALUES(40,'K001','OK');
INSERT INTO "Trucks" VALUES(41,'A001','OK');
INSERT INTO "Trucks" VALUES(42,'AA01','OK');
INSERT INTO "Trucks" VALUES(43,'B001','OK');
INSERT INTO "Trucks" VALUES(44,'BB01','OK');
INSERT INTO "Trucks" VALUES(45,'C001','OK');
INSERT INTO "Trucks" VALUES(46,'CC01','OK');
INSERT INTO "Trucks" VALUES(47,'CCC1','OK');
INSERT INTO "Trucks" VALUES(48,'K001','OK');
INSERT INTO "Trucks" VALUES(49,'A001','OK');
INSERT INTO "Trucks" VALUES(50,'AA01','OK');
INSERT INTO "Trucks" VALUES(51,'B001','OK');
INSERT INTO "Trucks" VALUES(52,'BB01','OK');
INSERT INTO "Trucks" VALUES(53,'C001','OK');
INSERT INTO "Trucks" VALUES(54,'CC01','OK');
INSERT INTO "Trucks" VALUES(55,'CCC1','OK');
INSERT INTO "Trucks" VALUES(56,'K001','OK');
INSERT INTO "Trucks" VALUES(57,'A001','OK');
INSERT INTO "Trucks" VALUES(58,'AA01','OK');
INSERT INTO "Trucks" VALUES(59,'B001','OK');
INSERT INTO "Trucks" VALUES(60,'BB01','OK');
INSERT INTO "Trucks" VALUES(61,'C001','OK');
INSERT INTO "Trucks" VALUES(62,'CC01','OK');
INSERT INTO "Trucks" VALUES(63,'CCC1','OK');
INSERT INTO "Trucks" VALUES(64,'K001','OK');
INSERT INTO "Trucks" VALUES(65,'A001','OK');
INSERT INTO "Trucks" VALUES(66,'AA01','OK');
INSERT INTO "Trucks" VALUES(67,'B001','OK');
INSERT INTO "Trucks" VALUES(68,'BB01','OK');
INSERT INTO "Trucks" VALUES(69,'C001','OK');
INSERT INTO "Trucks" VALUES(70,'CC01','OK');
INSERT INTO "Trucks" VALUES(71,'CCC1','OK');
INSERT INTO "Trucks" VALUES(72,'K001','OK');
INSERT INTO "Trucks" VALUES(73,'A001','OK');
INSERT INTO "Trucks" VALUES(74,'AA01','OK');
INSERT INTO "Trucks" VALUES(75,'B001','OK');
INSERT INTO "Trucks" VALUES(76,'BB01','OK');
INSERT INTO "Trucks" VALUES(77,'C001','OK');
INSERT INTO "Trucks" VALUES(78,'CC01','OK');
INSERT INTO "Trucks" VALUES(79,'CCC1','OK');
INSERT INTO "Trucks" VALUES(80,'K001','OK');
INSERT INTO "Trucks" VALUES(81,'A001','OK');
INSERT INTO "Trucks" VALUES(82,'AA01','OK');
INSERT INTO "Trucks" VALUES(83,'B001','OK');
INSERT INTO "Trucks" VALUES(84,'BB01','OK');
INSERT INTO "Trucks" VALUES(85,'C001','OK');
INSERT INTO "Trucks" VALUES(86,'CC01','OK');
INSERT INTO "Trucks" VALUES(87,'CCC1','OK');
INSERT INTO "Trucks" VALUES(88,'K001','OK');
INSERT INTO "Trucks" VALUES(89,'A001','OK');
INSERT INTO "Trucks" VALUES(90,'AA01','OK');
INSERT INTO "Trucks" VALUES(91,'B001','OK');
INSERT INTO "Trucks" VALUES(92,'BB01','OK');
INSERT INTO "Trucks" VALUES(93,'C001','OK');
INSERT INTO "Trucks" VALUES(94,'CC01','OK');
INSERT INTO "Trucks" VALUES(95,'CCC1','OK');
INSERT INTO "Trucks" VALUES(96,'K001','OK');
INSERT INTO "Trucks" VALUES(97,'A001','OK');
INSERT INTO "Trucks" VALUES(98,'AA01','OK');
INSERT INTO "Trucks" VALUES(99,'B001','OK');
INSERT INTO "Trucks" VALUES(100,'BB01','OK');
INSERT INTO "Trucks" VALUES(101,'C001','OK');
INSERT INTO "Trucks" VALUES(102,'CC01','OK');
INSERT INTO "Trucks" VALUES(103,'CCC1','OK');
INSERT INTO "Trucks" VALUES(104,'K001','OK');
INSERT INTO "Trucks" VALUES(105,'A001','OK');
INSERT INTO "Trucks" VALUES(106,'AA01','OK');
INSERT INTO "Trucks" VALUES(107,'B001','OK');
INSERT INTO "Trucks" VALUES(108,'BB01','OK');
INSERT INTO "Trucks" VALUES(109,'C001','OK');
INSERT INTO "Trucks" VALUES(110,'CC01','OK');
INSERT INTO "Trucks" VALUES(111,'CCC1','OK');
INSERT INTO "Trucks" VALUES(112,'K001','OK');
INSERT INTO "Trucks" VALUES(113,'A001','OK');
INSERT INTO "Trucks" VALUES(114,'AA01','OK');
INSERT INTO "Trucks" VALUES(115,'B001','OK');
INSERT INTO "Trucks" VALUES(116,'BB01','OK');
INSERT INTO "Trucks" VALUES(117,'C001','OK');
INSERT INTO "Trucks" VALUES(118,'CC01','OK');
INSERT INTO "Trucks" VALUES(119,'CCC1','OK');
INSERT INTO "Trucks" VALUES(120,'K001','OK');
INSERT INTO "Trucks" VALUES(121,'A001','Reparation');
INSERT INTO "Trucks" VALUES(122,'AA01','Reserv');
INSERT INTO "Trucks" VALUES(123,'B001','Skada');
INSERT INTO "Trucks" VALUES(124,'BB01','Reparation');
INSERT INTO "Trucks" VALUES(125,'C001','Reserv');
INSERT INTO "Trucks" VALUES(126,'CC01','Skada');
INSERT INTO "Trucks" VALUES(127,'CCC1','Reparation');
INSERT INTO "Trucks" VALUES(128,'K001','Reserv');
INSERT INTO "Trucks" VALUES(129,'A001','Skada');
INSERT INTO "Trucks" VALUES(130,'AA01','Reparation');
INSERT INTO "Trucks" VALUES(131,'B001','Reserv');
INSERT INTO "Trucks" VALUES(132,'BB01','Skada');
INSERT INTO "Trucks" VALUES(133,'C001','Reparation');
INSERT INTO "Trucks" VALUES(134,'CC01','Reserv');
INSERT INTO "Trucks" VALUES(135,'CCC1','Skada');
INSERT INTO "Trucks" VALUES(136,'K001','Reparation');
INSERT INTO "Trucks" VALUES(137,'A001','OK');
INSERT INTO "Trucks" VALUES(138,'AA01','OK');
INSERT INTO "Trucks" VALUES(139,'B001','OK');
INSERT INTO "Trucks" VALUES(140,'BB01','OK');
INSERT INTO "Trucks" VALUES(141,'C001','OK');
INSERT INTO "Trucks" VALUES(142,'CC01','OK');
INSERT INTO "Trucks" VALUES(143,'CCC1','OK');
INSERT INTO "Trucks" VALUES(144,'K001','OK');
INSERT INTO "Trucks" VALUES(145,'A001','OK');
INSERT INTO "Trucks" VALUES(146,'AA01','OK');
INSERT INTO "Trucks" VALUES(147,'B001','OK');
INSERT INTO "Trucks" VALUES(148,'BB01','OK');
INSERT INTO "Trucks" VALUES(149,'C001','OK');
INSERT INTO "Trucks" VALUES(150,'CC01','OK');
INSERT INTO "Trucks" VALUES(151,'CCC1','OK');
INSERT INTO "Trucks" VALUES(152,'K001','OK');
INSERT INTO "Trucks" VALUES(153,'A001','OK');
INSERT INTO "Trucks" VALUES(154,'AA01','OK');
INSERT INTO "Trucks" VALUES(155,'B001','OK');
INSERT INTO "Trucks" VALUES(156,'BB01','OK');
INSERT INTO "Trucks" VALUES(157,'C001','OK');
INSERT INTO "Trucks" VALUES(158,'CC01','OK');
INSERT INTO "Trucks" VALUES(159,'CCC1','OK');
INSERT INTO "Trucks" VALUES(160,'K001','OK');
INSERT INTO "Trucks" VALUES(161,'A001','OK');
INSERT INTO "Trucks" VALUES(162,'AA01','OK');
INSERT INTO "Trucks" VALUES(163,'B001','OK');
INSERT INTO "Trucks" VALUES(164,'BB01','OK');
INSERT INTO "Trucks" VALUES(165,'C001','OK');
INSERT INTO "Trucks" VALUES(166,'CC01','OK');
INSERT INTO "Trucks" VALUES(167,'CCC1','OK');
INSERT INTO "Trucks" VALUES(168,'K001','OK');
INSERT INTO "Trucks" VALUES(169,'A001','OK');
INSERT INTO "Trucks" VALUES(170,'AA01','OK');
INSERT INTO "Trucks" VALUES(171,'B001','OK');
INSERT INTO "Trucks" VALUES(172,'BB01','OK');
INSERT INTO "Trucks" VALUES(173,'C001','OK');
INSERT INTO "Trucks" VALUES(174,'CC01','OK');
INSERT INTO "Trucks" VALUES(175,'CCC1','OK');
INSERT INTO "Trucks" VALUES(176,'K001','OK');
INSERT INTO "Trucks" VALUES(177,'A001','OK');
INSERT INTO "Trucks" VALUES(178,'AA01','OK');
INSERT INTO "Trucks" VALUES(179,'B001','OK');
INSERT INTO "Trucks" VALUES(180,'BB01','OK');
INSERT INTO "Trucks" VALUES(181,'C001','OK');
INSERT INTO "Trucks" VALUES(182,'CC01','OK');
INSERT INTO "Trucks" VALUES(183,'CCC1','OK');
INSERT INTO "Trucks" VALUES(184,'K001','OK');
INSERT INTO "Trucks" VALUES(185,'A001','OK');
INSERT INTO "Trucks" VALUES(186,'AA01','OK');
INSERT INTO "Trucks" VALUES(187,'B001','OK');
INSERT INTO "Trucks" VALUES(188,'BB01','OK');
INSERT INTO "Trucks" VALUES(189,'C001','OK');
INSERT INTO "Trucks" VALUES(190,'CC01','OK');
INSERT INTO "Trucks" VALUES(191,'CCC1','OK');
INSERT INTO "Trucks" VALUES(192,'K001','OK');
INSERT INTO "Trucks" VALUES(193,'A001','OK');
INSERT INTO "Trucks" VALUES(194,'AA01','OK');
INSERT INTO "Trucks" VALUES(195,'B001','OK');
INSERT INTO "Trucks" VALUES(196,'BB01','OK');
INSERT INTO "Trucks" VALUES(197,'C001','OK');
INSERT INTO "Trucks" VALUES(198,'CC01','OK');
INSERT INTO "Trucks" VALUES(199,'CCC1','OK');
INSERT INTO "Trucks" VALUES(200,'K001','OK');
INSERT INTO "Trucks" VALUES(201,'A001','OK');
INSERT INTO "Trucks" VALUES(202,'AA01','OK');
INSERT INTO "Trucks" VALUES(203,'B001','OK');
INSERT INTO "Trucks" VALUES(204,'BB01','OK');
INSERT INTO "Trucks" VALUES(205,'C001','OK');
INSERT INTO "Trucks" VALUES(206,'CC01','OK');
INSERT INTO "Trucks" VALUES(207,'CCC1','OK');
INSERT INTO "Trucks" VALUES(208,'K001','OK');
INSERT INTO "Trucks" VALUES(209,'A001','OK');
INSERT INTO "Trucks" VALUES(210,'AA01','OK');
INSERT INTO "Trucks" VALUES(211,'B001','OK');
INSERT INTO "Trucks" VALUES(212,'BB01','OK');
INSERT INTO "Trucks" VALUES(213,'C001','OK');
INSERT INTO "Trucks" VALUES(214,'CC01','OK');
INSERT INTO "Trucks" VALUES(215,'CCC1','OK');
INSERT INTO "Trucks" VALUES(216,'K001','OK');
INSERT INTO "Trucks" VALUES(217,'A001','OK');
INSERT INTO "Trucks" VALUES(218,'AA01','OK');
INSERT INTO "Trucks" VALUES(219,'B001','OK');
INSERT INTO "Trucks" VALUES(220,'BB01','OK');
INSERT INTO "Trucks" VALUES(221,'C001','OK');
INSERT INTO "Trucks" VALUES(222,'CC01','OK');
INSERT INTO "Trucks" VALUES(223,'CCC1','OK');
INSERT INTO "Trucks" VALUES(224,'K001','OK');
INSERT INTO "Trucks" VALUES(225,'A001','OK');
INSERT INTO "Trucks" VALUES(226,'AA01','OK');
INSERT INTO "Trucks" VALUES(227,'B001','OK');
INSERT INTO "Trucks" VALUES(228,'BB01','OK');
INSERT INTO "Trucks" VALUES(229,'C001','OK');
INSERT INTO "Trucks" VALUES(230,'CC01','OK');
INSERT INTO "Trucks" VALUES(231,'CCC1','OK');
INSERT INTO "Trucks" VALUES(232,'K001','OK');
INSERT INTO "Trucks" VALUES(233,'A001','OK');
INSERT INTO "Trucks" VALUES(234,'AA01','OK');
INSERT INTO "Trucks" VALUES(235,'B001','OK');
INSERT INTO "Trucks" VALUES(236,'BB01','OK');
INSERT INTO "Trucks" VALUES(237,'C001','OK');
INSERT INTO "Trucks" VALUES(238,'CC01','OK');
INSERT INTO "Trucks" VALUES(239,'CCC1','OK');
INSERT INTO "Trucks" VALUES(240,'K001','OK');
INSERT INTO "Trucks" VALUES(241,'A001','OK');
INSERT INTO "Trucks" VALUES(242,'AA01','OK');
INSERT INTO "Trucks" VALUES(243,'B001','OK');
INSERT INTO "Trucks" VALUES(244,'BB01','OK');
INSERT INTO "Trucks" VALUES(245,'C001','OK');
INSERT INTO "Trucks" VALUES(246,'CC01','OK');
INSERT INTO "Trucks" VALUES(247,'CCC1','OK');
INSERT INTO "Trucks" VALUES(248,'K001','OK');
INSERT INTO "Trucks" VALUES(249,'A001','Reparation');
INSERT INTO "Trucks" VALUES(250,'AA01','Reserv');
INSERT INTO "Trucks" VALUES(251,'B001','Skada');
INSERT INTO "Trucks" VALUES(252,'BB01','Reparation');
INSERT INTO "Trucks" VALUES(253,'C001','Reserv');
INSERT INTO "Trucks" VALUES(254,'CC01','Skada');
INSERT INTO "Trucks" VALUES(255,'CCC1','Reparation');
INSERT INTO "Trucks" VALUES(256,'K001','Reserv');
INSERT INTO "Trucks" VALUES(257,'A001','Skada');
INSERT INTO "Trucks" VALUES(258,'AA01','Reparation');
INSERT INTO "Trucks" VALUES(259,'B001','Reserv');
INSERT INTO "Trucks" VALUES(260,'BB01','Skada');
INSERT INTO "Trucks" VALUES(261,'C001','Reparation');
INSERT INTO "Trucks" VALUES(262,'CC01','Reparation');
INSERT INTO "Trucks" VALUES(263,'CCC1','Reserv');
INSERT INTO "Trucks" VALUES(264,'K001','Skada');
INSERT INTO "Trucks" VALUES(265,'A001','Reparation');
INSERT INTO "Trucks" VALUES(266,'AA01','Reserv');
INSERT INTO "Trucks" VALUES(267,'B001','Skada');
INSERT INTO "Trucks" VALUES(268,'BB01','Reparation');
INSERT INTO "Trucks" VALUES(269,'C001','Reserv');
INSERT INTO "Trucks" VALUES(270,'CC01','Skada');
INSERT INTO "Trucks" VALUES(271,'CCC1','Reparation');
INSERT INTO "Trucks" VALUES(272,'K001','Reserv');
INSERT INTO "Trucks" VALUES(273,'A001','Skada');
INSERT INTO "Trucks" VALUES(274,'AA01','Reparation');
INSERT INTO "Trucks" VALUES(275,'B001','Reparation');
INSERT INTO "Trucks" VALUES(276,'BB01','Reserv');
INSERT INTO "Trucks" VALUES(277,'C001','Skada');
INSERT INTO "Trucks" VALUES(278,'CC01','Reparation');
INSERT INTO "Trucks" VALUES(279,'CCC1','Reserv');
INSERT INTO "Trucks" VALUES(280,'K001','Skada');
INSERT INTO "Trucks" VALUES(281,'A001','Reparation');
INSERT INTO "Trucks" VALUES(282,'AA01','Reserv');
INSERT INTO "Trucks" VALUES(283,'B001','Skada');
INSERT INTO "Trucks" VALUES(284,'BB01','Reparation');
INSERT INTO "Trucks" VALUES(285,'C001','Reserv');
INSERT INTO "Trucks" VALUES(286,'CC01','Skada');
INSERT INTO "Trucks" VALUES(287,'CCC1','Reparation');
CREATE TABLE Staff(ID INTEGER PRIMARY KEY, Name TEXT NOT NULL, Lastname TEXT NOT NULL, License TEXT, Schedule TEXT, Status TEXT, FOREIGN KEY (License) REFERENCES TypeTable(LicenseType), FOREIGN KEY (Schedule) REFERENCES StaffSchedule(Schedule), FOREIGN KEY (Status) REFERENCES StaffStatus(Status));
INSERT INTO "Staff" VALUES(1,'Susan','Williams','A','MF','100%');
INSERT INTO "Staff" VALUES(2,'Diane','Elliott','AA','MF','100%');
INSERT INTO "Staff" VALUES(3,'Janet','Richards','B','MF','100%');
INSERT INTO "Staff" VALUES(4,'Harold','Howell','BB','MF','100%');
INSERT INTO "Staff" VALUES(5,'Roy','Murphy','C','MF','100%');
INSERT INTO "Staff" VALUES(6,'Andrew','Roberts','CC','MF','100%');
INSERT INTO "Staff" VALUES(7,'Sean','Hicks','CCC','MF','100%');
INSERT INTO "Staff" VALUES(8,'Julie','Mcdonald','K','MF','100%');
INSERT INTO "Staff" VALUES(9,'Kenneth','Wheeler','A','MF','100%');
INSERT INTO "Staff" VALUES(10,'Kathy','Robertson','AA','MF','100%');
INSERT INTO "Staff" VALUES(11,'Jack','Robinson','B','MF','100%');
INSERT INTO "Staff" VALUES(12,'Joseph','Perkins','BB','MF','100%');
INSERT INTO "Staff" VALUES(13,'Lawrence','Ferguson','C','MF','100%');
INSERT INTO "Staff" VALUES(14,'Mildred','Crawford','CC','MF','100%');
INSERT INTO "Staff" VALUES(15,'Matthew','Grant','CCC','MF','100%');
INSERT INTO "Staff" VALUES(16,'Bruce','Sanchez','K','MF','100%');
INSERT INTO "Staff" VALUES(17,'Laura','Owens','A','MF','100%');
INSERT INTO "Staff" VALUES(18,'Daniel','Hamilton','AA','MF','100%');
INSERT INTO "Staff" VALUES(19,'Sharon','Weaver','B','MF','100%');
INSERT INTO "Staff" VALUES(20,'Patricia','Howard','BB','MF','100%');
INSERT INTO "Staff" VALUES(21,'Sean','Nichols','C','MF','100%');
INSERT INTO "Staff" VALUES(22,'Richard','Gonzalez','CC','MF','100%');
INSERT INTO "Staff" VALUES(23,'Martha','Stephens','CCC','MF','100%');
INSERT INTO "Staff" VALUES(24,'Amy','Day','K','MF','100%');
INSERT INTO "Staff" VALUES(25,'Teresa','Green','A','MF','100%');
INSERT INTO "Staff" VALUES(26,'Dennis','Perkins','AA','MF','100%');
INSERT INTO "Staff" VALUES(27,'Kimberly','Weaver','B','MF','100%');
INSERT INTO "Staff" VALUES(28,'Michelle','West','BB','MF','100%');
INSERT INTO "Staff" VALUES(29,'Amanda','Phillips','C','MF','100%');
INSERT INTO "Staff" VALUES(30,'Kathleen','Evans','CC','MF','100%');
INSERT INTO "Staff" VALUES(31,'Timothy','Day','CCC','MF','100%');
INSERT INTO "Staff" VALUES(32,'Virginia','Hunt','K','MF','100%');
INSERT INTO "Staff" VALUES(33,'Terry','Howard','A','MF','100%');
INSERT INTO "Staff" VALUES(34,'Dorothy','Watkins','AA','MF','100%');
INSERT INTO "Staff" VALUES(35,'Tina','Holmes','B','MF','100%');
INSERT INTO "Staff" VALUES(36,'William','Medina','BB','MF','100%');
INSERT INTO "Staff" VALUES(37,'Nancy','Clark','C','MF','100%');
INSERT INTO "Staff" VALUES(38,'Robin','Ruiz','CC','MF','100%');
INSERT INTO "Staff" VALUES(39,'Gerald','Martinez','CCC','MF','100%');
INSERT INTO "Staff" VALUES(40,'Margaret','Murphy','K','MF','100%');
INSERT INTO "Staff" VALUES(41,'Carol','Perry','A','MF','100%');
INSERT INTO "Staff" VALUES(42,'Scott','Lawrence','AA','MF','100%');
INSERT INTO "Staff" VALUES(43,'Diana','Price','B','MF','100%');
INSERT INTO "Staff" VALUES(44,'Jack','Ramirez','BB','MF','100%');
INSERT INTO "Staff" VALUES(45,'Sara','Lee','C','MF','100%');
INSERT INTO "Staff" VALUES(46,'Judy','Bennett','CC','MF','100%');
INSERT INTO "Staff" VALUES(47,'Nicholas','Reynolds','CCC','MF','100%');
INSERT INTO "Staff" VALUES(48,'Victor','Cruz','K','MF','100%');
INSERT INTO "Staff" VALUES(49,'Donna','Perkins','A','MF','100%');
INSERT INTO "Staff" VALUES(50,'Henry','Gordon','AA','MF','100%');
INSERT INTO "Staff" VALUES(51,'Anna','Sanders','B','MF','100%');
INSERT INTO "Staff" VALUES(52,'Bonnie','Matthews','BB','MF','100%');
INSERT INTO "Staff" VALUES(53,'Kenneth','Dean','C','MF','100%');
INSERT INTO "Staff" VALUES(54,'Samuel','Young','CC','MF','100%');
INSERT INTO "Staff" VALUES(55,'Billy','Gomez','CCC','MF','100%');
INSERT INTO "Staff" VALUES(56,'Nancy','Hall','K','MF','100%');
INSERT INTO "Staff" VALUES(57,'Lisa','Garza','A','MF','100%');
INSERT INTO "Staff" VALUES(58,'Sharon','Stephens','AA','MF','100%');
INSERT INTO "Staff" VALUES(59,'Gerald','Bell','B','MF','100%');
INSERT INTO "Staff" VALUES(60,'Juan','Larson','BB','MF','100%');
INSERT INTO "Staff" VALUES(61,'Ralph','Murray','C','MF','100%');
INSERT INTO "Staff" VALUES(62,'Juan','Nguyen','CC','MF','100%');
INSERT INTO "Staff" VALUES(63,'Diana','Richards','CCC','MF','100%');
INSERT INTO "Staff" VALUES(64,'Ruby','Carr','K','MF','100%');
INSERT INTO "Staff" VALUES(65,'Jessica','Cunningham','A','MF','100%');
INSERT INTO "Staff" VALUES(66,'Clarence','Mason','AA','MF','100%');
INSERT INTO "Staff" VALUES(67,'Fred','Hunt','B','MF','100%');
INSERT INTO "Staff" VALUES(68,'Brenda','Moore','BB','MF','100%');
INSERT INTO "Staff" VALUES(69,'Ryan','Hunt','C','MF','100%');
INSERT INTO "Staff" VALUES(70,'Paula','Matthews','CC','MF','100%');
INSERT INTO "Staff" VALUES(71,'Scott','Hayes','CCC','MF','100%');
INSERT INTO "Staff" VALUES(72,'Sandra','Walker','K','MF','100%');
INSERT INTO "Staff" VALUES(73,'Eugene','Taylor','A','MF','100%');
INSERT INTO "Staff" VALUES(74,'Tina','Richardson','AA','MF','100%');
INSERT INTO "Staff" VALUES(75,'Virginia','Greene','B','MF','100%');
INSERT INTO "Staff" VALUES(76,'Ryan','Rice','BB','MF','100%');
INSERT INTO "Staff" VALUES(77,'John','Peters','C','MF','100%');
INSERT INTO "Staff" VALUES(78,'Steve','Clark','CC','MF','100%');
INSERT INTO "Staff" VALUES(79,'Emily','Edwards','CCC','MF','100%');
INSERT INTO "Staff" VALUES(80,'Richard','White','K','MF','100%');
INSERT INTO "Staff" VALUES(81,'Christopher','Romero','A','MF','100%');
INSERT INTO "Staff" VALUES(82,'Kimberly','King','AA','MF','100%');
INSERT INTO "Staff" VALUES(83,'Craig','Flores','B','MF','100%');
INSERT INTO "Staff" VALUES(84,'Anthony','Wagner','BB','MF','100%');
INSERT INTO "Staff" VALUES(85,'Debra','Gray','C','MF','100%');
INSERT INTO "Staff" VALUES(86,'Marie','Sanchez','CC','MF','100%');
INSERT INTO "Staff" VALUES(87,'Daniel','Perry','CCC','MF','100%');
INSERT INTO "Staff" VALUES(88,'Jean','Lawrence','K','MF','100%');
INSERT INTO "Staff" VALUES(89,'Joshua','Jordan','A','MF','100%');
INSERT INTO "Staff" VALUES(90,'Cynthia','Day','AA','MF','100%');
INSERT INTO "Staff" VALUES(91,'Phyllis','Gonzales','B','MF','100%');
INSERT INTO "Staff" VALUES(92,'Katherine','Warren','BB','MF','100%');
INSERT INTO "Staff" VALUES(93,'Alan','Taylor','C','MF','100%');
INSERT INTO "Staff" VALUES(94,'Scott','Green','CC','MF','100%');
INSERT INTO "Staff" VALUES(95,'Amy','Simpson','CCC','MF','100%');
INSERT INTO "Staff" VALUES(96,'Patricia','Hanson','K','MF','100%');
INSERT INTO "Staff" VALUES(97,'Angela','Knight','A','LS','100%');
INSERT INTO "Staff" VALUES(98,'Arthur','Cox','AA','LS','100%');
INSERT INTO "Staff" VALUES(99,'Maria','Green','B','LS','100%');
INSERT INTO "Staff" VALUES(100,'Diane','Hanson','BB','LS','100%');
INSERT INTO "Staff" VALUES(101,'Donald','Morales','C','LS','100%');
INSERT INTO "Staff" VALUES(102,'Antonio','Mendoza','CC','LS','100%');
INSERT INTO "Staff" VALUES(103,'Larry','Brooks','CCC','LS','100%');
INSERT INTO "Staff" VALUES(104,'Phyllis','Fisher','K','LS','100%');
INSERT INTO "Staff" VALUES(105,'Mark','Spencer','A','LS','100%');
INSERT INTO "Staff" VALUES(106,'Linda','Alvarez','AA','LS','100%');
INSERT INTO "Staff" VALUES(107,'Peter','Richards','B','LS','100%');
INSERT INTO "Staff" VALUES(108,'Angela','Gibson','BB','LS','100%');
INSERT INTO "Staff" VALUES(109,'Lawrence','Stevens','C','LS','100%');
INSERT INTO "Staff" VALUES(110,'Scott','Wallace','CC','LS','100%');
INSERT INTO "Staff" VALUES(111,'Edward','Cooper','CCC','LS','100%');
INSERT INTO "Staff" VALUES(112,'Robin','Oliver','K','LS','100%');
INSERT INTO "Staff" VALUES(113,'Deborah','Lawrence','A','LS','100%');
INSERT INTO "Staff" VALUES(114,'Janet','Payne','AA','LS','100%');
INSERT INTO "Staff" VALUES(115,'Joseph','Simpson','B','LS','100%');
INSERT INTO "Staff" VALUES(116,'Steve','Moreno','BB','LS','100%');
INSERT INTO "Staff" VALUES(117,'Russell','Coleman','C','LS','100%');
INSERT INTO "Staff" VALUES(118,'Beverly','Perkins','CC','LS','100%');
INSERT INTO "Staff" VALUES(119,'Patrick','Reyes','CCC','LS','100%');
INSERT INTO "Staff" VALUES(120,'Doris','Carpenter','K','LS','100%');
INSERT INTO "Staff" VALUES(121,'Antonio','Turner','A','LS','100%');
INSERT INTO "Staff" VALUES(122,'Jessica','Watson','AA','LS','100%');
INSERT INTO "Staff" VALUES(123,'Steve','Watkins','B','LS','100%');
INSERT INTO "Staff" VALUES(124,'Julie','Hawkins','BB','LS','100%');
INSERT INTO "Staff" VALUES(125,'Sharon','Ellis','C','LS','100%');
INSERT INTO "Staff" VALUES(126,'Lawrence','Young','CC','LS','100%');
INSERT INTO "Staff" VALUES(127,'Nicholas','White','CCC','LS','100%');
INSERT INTO "Staff" VALUES(128,'Philip','Richardson','K','LS','100%');
INSERT INTO "Staff" VALUES(129,'Gerald','Alexander','A','LS','100%');
INSERT INTO "Staff" VALUES(130,'Anthony','Oliver','AA','LS','100%');
INSERT INTO "Staff" VALUES(131,'Steve','Mcdonald','B','LS','100%');
INSERT INTO "Staff" VALUES(132,'Tina','Castillo','BB','LS','100%');
INSERT INTO "Staff" VALUES(133,'Marilyn','Payne','C','LS','100%');
INSERT INTO "Staff" VALUES(134,'Anna','Nichols','CC','LS','100%');
INSERT INTO "Staff" VALUES(135,'Juan','Price','CCC','LS','100%');
INSERT INTO "Staff" VALUES(136,'Bonnie','Moreno','K','LS','100%');
INSERT INTO "Staff" VALUES(137,'Diane','Long','A','LS','100%');
INSERT INTO "Staff" VALUES(138,'Cynthia','Gardner','AA','LS','100%');
INSERT INTO "Staff" VALUES(139,'Tammy','Porter','B','LS','100%');
INSERT INTO "Staff" VALUES(140,'Paula','Thomas','BB','LS','100%');
INSERT INTO "Staff" VALUES(141,'Louise','Peters','C','LS','100%');
INSERT INTO "Staff" VALUES(142,'Evelyn','Long','CC','LS','100%');
INSERT INTO "Staff" VALUES(143,'Janet','Armstrong','CCC','LS','100%');
INSERT INTO "Staff" VALUES(144,'Julie','Harvey','K','LS','100%');
INSERT INTO "Staff" VALUES(145,'Sandra','Ward','A','LS','100%');
INSERT INTO "Staff" VALUES(146,'Jean','Sanders','AA','LS','100%');
INSERT INTO "Staff" VALUES(147,'Frank','Wagner','B','LS','100%');
INSERT INTO "Staff" VALUES(148,'Anna','Thomas','BB','LS','100%');
INSERT INTO "Staff" VALUES(149,'Juan','Crawford','C','LS','100%');
INSERT INTO "Staff" VALUES(150,'Marilyn','Richardson','CC','LS','100%');
INSERT INTO "Staff" VALUES(151,'Katherine','Woods','CCC','LS','100%');
INSERT INTO "Staff" VALUES(152,'Daniel','Wagner','K','LS','100%');
INSERT INTO "Staff" VALUES(153,'Linda','Dixon','A','S','100%');
INSERT INTO "Staff" VALUES(154,'Lois','Rivera','AA','S','100%');
INSERT INTO "Staff" VALUES(155,'Shirley','Henderson','B','S','100%');
INSERT INTO "Staff" VALUES(156,'Shawn','Harrison','BB','S','100%');
INSERT INTO "Staff" VALUES(157,'Harold','Thompson','C','S','100%');
INSERT INTO "Staff" VALUES(158,'Jessica','Myers','CC','S','100%');
INSERT INTO "Staff" VALUES(159,'Frances','Washington','CCC','S','100%');
INSERT INTO "Staff" VALUES(160,'Paul','Ford','K','S','100%');
INSERT INTO "Staff" VALUES(161,'Robert','Hicks','A','S','100%');
INSERT INTO "Staff" VALUES(162,'Richard','Garza','AA','S','100%');
INSERT INTO "Staff" VALUES(163,'Ryan','Howell','B','S','100%');
INSERT INTO "Staff" VALUES(164,'Billy','Schmidt','BB','S','100%');
INSERT INTO "Staff" VALUES(165,'Beverly','Hill','C','S','100%');
INSERT INTO "Staff" VALUES(166,'Bruce','Peterson','CC','S','100%');
INSERT INTO "Staff" VALUES(167,'Christina','Ray','CCC','S','100%');
INSERT INTO "Staff" VALUES(168,'Joe','Mills','K','S','100%');
INSERT INTO "Staff" VALUES(169,'Catherine','Ryan','A','S','100%');
INSERT INTO "Staff" VALUES(170,'Craig','Jordan','AA','S','100%');
INSERT INTO "Staff" VALUES(171,'Lois','Coleman','B','S','100%');
INSERT INTO "Staff" VALUES(172,'Mary','Lopez','BB','S','100%');
INSERT INTO "Staff" VALUES(173,'Melissa','Howard','C','S','100%');
INSERT INTO "Staff" VALUES(174,'Jason','Frazier','CC','S','100%');
INSERT INTO "Staff" VALUES(175,'Wayne','Wallace','CCC','S','100%');
INSERT INTO "Staff" VALUES(176,'Janet','Harris','K','S','100%');
INSERT INTO "Staff" VALUES(177,'Anne','Woods','A','S','100%');
INSERT INTO "Staff" VALUES(178,'Thomas','Pierce','AA','S','100%');
INSERT INTO "Staff" VALUES(179,'Norma','Alexander','B','S','100%');
INSERT INTO "Staff" VALUES(180,'Adam','Hughes','BB','S','100%');
INSERT INTO "Staff" VALUES(181,'Juan','Hicks','C','S','100%');
INSERT INTO "Staff" VALUES(182,'Steven','Ortiz','CC','S','100%');
INSERT INTO "Staff" VALUES(183,'Heather','Russell','CCC','S','100%');
INSERT INTO "Staff" VALUES(184,'Eric','Sanchez','K','S','100%');
INSERT INTO "Staff" VALUES(185,'Benjamin','Johnson','A','S','100%');
INSERT INTO "Staff" VALUES(186,'Sara','Mcdonald','AA','S','100%');
INSERT INTO "Staff" VALUES(187,'Amy','Campbell','B','S','100%');
INSERT INTO "Staff" VALUES(188,'Andrew','Bailey','BB','S','100%');
INSERT INTO "Staff" VALUES(189,'Benjamin','Young','C','S','100%');
INSERT INTO "Staff" VALUES(190,'Patricia','Garrett','CC','S','100%');
INSERT INTO "Staff" VALUES(191,'Chris','Gilbert','CCC','S','100%');
INSERT INTO "Staff" VALUES(192,'Larry','Lane','K','S','100%');
INSERT INTO "Staff" VALUES(193,'Mark','Boyd','A','S','100%');
INSERT INTO "Staff" VALUES(194,'Donna','Taylor','AA','S','100%');
INSERT INTO "Staff" VALUES(195,'Martha','Murray','B','S','100%');
INSERT INTO "Staff" VALUES(196,'Jesse','Mills','BB','S','100%');
INSERT INTO "Staff" VALUES(197,'John','Powell','C','S','100%');
INSERT INTO "Staff" VALUES(198,'Sandra','Stephens','CC','S','100%');
INSERT INTO "Staff" VALUES(199,'Denise','Hernandez','CCC','S','100%');
INSERT INTO "Staff" VALUES(200,'Kevin','Mccoy','K','S','100%');
INSERT INTO "Staff" VALUES(201,'Adam','Holmes','A','S','100%');
INSERT INTO "Staff" VALUES(202,'Gerald','Crawford','AA','S','100%');
INSERT INTO "Staff" VALUES(203,'Lois','Hart','B','S','100%');
INSERT INTO "Staff" VALUES(204,'Gloria','Austin','BB','S','100%');
INSERT INTO "Staff" VALUES(205,'Melissa','Lewis','C','S','100%');
INSERT INTO "Staff" VALUES(206,'Anthony','Richards','CC','S','100%');
INSERT INTO "Staff" VALUES(207,'Antonio','Taylor','CCC','S','100%');
INSERT INTO "Staff" VALUES(208,'Christine','Hudson','K','S','100%');
INSERT INTO "Staff" VALUES(209,'Jonathan','Lee','A','MF','Sjuk');
INSERT INTO "Staff" VALUES(210,'Kenneth','Kelley','AA','LS','VAB');
INSERT INTO "Staff" VALUES(211,'Jacqueline','Bishop','B','S','Studier');
INSERT INTO "Staff" VALUES(212,'Robert','Garza','BB','MF','Semester');
INSERT INTO "Staff" VALUES(213,'Maria','Pierce','C','LS','Sjuk');
INSERT INTO "Staff" VALUES(214,'Richard','Robinson','CC','S','VAB');
INSERT INTO "Staff" VALUES(215,'Johnny','Lynch','CCC','MF','Studier');
INSERT INTO "Staff" VALUES(216,'Dennis','Jackson','K','LS','Semester');
INSERT INTO "Staff" VALUES(217,'Gerald','Henderson','A','S','Sjuk');
INSERT INTO "Staff" VALUES(218,'Marilyn','Harper','AA','MF','VAB');
INSERT INTO "Staff" VALUES(219,'Katherine','Turner','B','LS','Studier');
INSERT INTO "Staff" VALUES(220,'Kelly','Ray','BB','S','Semester');
INSERT INTO "Staff" VALUES(221,'Teresa','Spencer','C','MF','Sjuk');
INSERT INTO "Staff" VALUES(222,'Stephen','Bryant','CC','LS','VAB');
INSERT INTO "Staff" VALUES(223,'Martha','Palmer','CCC','S','Studier');
INSERT INTO "Staff" VALUES(224,'Raymond','Woods','K','MF','Semester');
INSERT INTO "Staff" VALUES(225,'Paula','Dunn','A','LS','Sjuk');
INSERT INTO "Staff" VALUES(226,'Christina','Barnes','AA','S','VAB');
INSERT INTO "Staff" VALUES(227,'Dorothy','Robinson','B','MF','Studier');
INSERT INTO "Staff" VALUES(228,'Frances','Day','BB','LS','Semester');
INSERT INTO "Staff" VALUES(229,'Nicholas','Boyd','C','S','Sjuk');
INSERT INTO "Staff" VALUES(230,'George','Lane','CC','MF','VAB');
INSERT INTO "Staff" VALUES(231,'Anthony','Ford','CCC','LS','Studier');
INSERT INTO "Staff" VALUES(232,'Norma','Roberts','K','S','Semester');
INSERT INTO "Staff" VALUES(233,'Robert','Cunningham','A','MF','Sjuk');
INSERT INTO "Staff" VALUES(234,'Harold','Harrison','AA','LS','VAB');
INSERT INTO "Staff" VALUES(235,'Julia','Kennedy','B','S','Studier');
INSERT INTO "Staff" VALUES(236,'Christopher','White','BB','MF','Semester');
INSERT INTO "Staff" VALUES(237,'Janet','Patterson','C','LS','Sjuk');
INSERT INTO "Staff" VALUES(238,'Paula','Black','CC','S','VAB');
INSERT INTO "Staff" VALUES(239,'Richard','Gordon','CCC','MF','Studier');
INSERT INTO "Staff" VALUES(240,'Bruce','Richardson','K','LS','Semester');
INSERT INTO "Staff" VALUES(241,'Jonathan','Nguyen','A','S','Sjuk');
INSERT INTO "Staff" VALUES(242,'Lois','Garcia','AA','MF','VAB');
INSERT INTO "Staff" VALUES(243,'Andrew','Gibson','B','LS','Studier');
INSERT INTO "Staff" VALUES(244,'Rose','Cruz','BB','S','Semester');
INSERT INTO "Staff" VALUES(245,'Amy','Ward','C','MF','Sjuk');
INSERT INTO "Staff" VALUES(246,'Dennis','Holmes','CC','LS','VAB');
INSERT INTO "Staff" VALUES(247,'Amy','Murray','CCC','S','Studier');
INSERT INTO "Staff" VALUES(248,'Jason','Stephens','K','MF','Semester');
INSERT INTO "Staff" VALUES(249,'Carol','Hill','A','MF','50%');
INSERT INTO "Staff" VALUES(250,'Elizabeth','Willis','AA','MF','50%');
INSERT INTO "Staff" VALUES(251,'Ronald','Lawrence','B','MF','50%');
INSERT INTO "Staff" VALUES(252,'Carol','Simpson','BB','MF','50%');
INSERT INTO "Staff" VALUES(253,'Virginia','Richards','C','MF','50%');
INSERT INTO "Staff" VALUES(254,'Johnny','Meyer','CC','MF','50%');
INSERT INTO "Staff" VALUES(255,'Kimberly','Williamson','CCC','MF','50%');
INSERT INTO "Staff" VALUES(256,'Alice','Kelley','K','MF','50%');
INSERT INTO "Staff" VALUES(257,'Christopher','Perez','A','MF','50%');
INSERT INTO "Staff" VALUES(258,'Albert','Sullivan','AA','MF','50%');
INSERT INTO "Staff" VALUES(259,'Jonathan','Davis','B','MF','50%');
INSERT INTO "Staff" VALUES(260,'Lori','Anderson','BB','MF','50%');
INSERT INTO "Staff" VALUES(261,'Joyce','Webb','C','MF','50%');
INSERT INTO "Staff" VALUES(262,'William','Phillips','CC','MF','50%');
INSERT INTO "Staff" VALUES(263,'Martin','Meyer','CCC','MF','50%');
INSERT INTO "Staff" VALUES(264,'Jacqueline','Griffin','K','MF','50%');
INSERT INTO "Staff" VALUES(265,'Ernest','Barnes','A','MF','50%');
INSERT INTO "Staff" VALUES(266,'Marilyn','Allen','AA','MF','50%');
INSERT INTO "Staff" VALUES(267,'Cheryl','Burke','B','MF','50%');
INSERT INTO "Staff" VALUES(268,'Sara','Fisher','BB','MF','50%');
INSERT INTO "Staff" VALUES(269,'Susan','Bowman','C','MF','50%');
INSERT INTO "Staff" VALUES(270,'Virginia','Mills','CC','MF','50%');
INSERT INTO "Staff" VALUES(271,'Jessica','Sims','CCC','MF','50%');
INSERT INTO "Staff" VALUES(272,'Larry','Foster','K','MF','50%');
INSERT INTO "Staff" VALUES(273,'Teresa','Hicks','A','MF','50%');
INSERT INTO "Staff" VALUES(274,'Christina','Hanson','AA','MF','50%');
INSERT INTO "Staff" VALUES(275,'Paul','Harris','B','MF','50%');
INSERT INTO "Staff" VALUES(276,'Thomas','Woods','BB','MF','50%');
INSERT INTO "Staff" VALUES(277,'Jacqueline','Ryan','C','MF','50%');
INSERT INTO "Staff" VALUES(278,'Douglas','King','CC','MF','50%');
INSERT INTO "Staff" VALUES(279,'George','George','CCC','MF','50%');
INSERT INTO "Staff" VALUES(280,'Maria','Griffin','K','MF','50%');
INSERT INTO "Staff" VALUES(281,'David','Welch','A','LS','50%');
INSERT INTO "Staff" VALUES(282,'Timothy','Thomas','AA','LS','50%');
INSERT INTO "Staff" VALUES(283,'Donald','Lawrence','B','LS','50%');
INSERT INTO "Staff" VALUES(284,'Phillip','Gutierrez','BB','LS','50%');
INSERT INTO "Staff" VALUES(285,'Emily','Nguyen','C','LS','50%');
INSERT INTO "Staff" VALUES(286,'Mary','Nichols','CC','LS','50%');
INSERT INTO "Staff" VALUES(287,'Cheryl','Rivera','CCC','LS','50%');
INSERT INTO "Staff" VALUES(288,'Thomas','Jackson','K','LS','50%');
INSERT INTO "Staff" VALUES(289,'Nicole','Taylor','A','S','50%');
INSERT INTO "Staff" VALUES(290,'William','Fox','AA','S','50%');
INSERT INTO "Staff" VALUES(291,'Frank','Dixon','B','S','50%');
INSERT INTO "Staff" VALUES(292,'Ryan','Wood','BB','S','50%');
INSERT INTO "Staff" VALUES(293,'Carol','Wilson','C','S','50%');
INSERT INTO "Staff" VALUES(294,'Annie','Nelson','CC','S','50%');
INSERT INTO "Staff" VALUES(295,'Louis','Meyer','CCC','S','50%');
INSERT INTO "Staff" VALUES(296,'Harry','Romero','K','S','50%');
INSERT INTO "Staff" VALUES(297,'Emily','Wagner','A','S','50%');
INSERT INTO "Staff" VALUES(298,'George','Cruz','AA','S','50%');
INSERT INTO "Staff" VALUES(299,'Steve','Stanley','B','S','50%');
INSERT INTO "Staff" VALUES(300,'Henry','King','BB','S','50%');
INSERT INTO "Staff" VALUES(301,'Alex ','Svenning','C','S','50%');
INSERT INTO "Staff" VALUES(302,'Pelle','Svensson','CC','S','50%');
INSERT INTO "Staff" VALUES(303,'Eva','Johansson','CCC','S','50%');
INSERT INTO "Staff" VALUES(304,'Petra','Floren','K','S','50%');
COMMIT;
